{"train/loss": 2.2799, "train/learning_rate": 1.6666666666666667e-05, "train/epoch": 0.03, "train/global_step": 10, "_timestamp": 1716702428.280715, "_runtime": 420.2212300300598, "_step": 0}